source,target
user_1943,user_1917
user_1314,user_509
user_1580,user_14
user_1182,user_535
user_543,user_786
user_1334,user_483
user_432,user_915
user_1571,user_1544
user_1172,user_547
user_854,user_1954
user_1266,user_676
user_1309,user_619
user_63,user_1193
user_1020,user_1481
user_1821,user_1174
user_1285,user_24
user_1118,user_536
user_594,user_1339
user_1315,user_737
user_1960,user_1419
user_619,user_484
user_990,user_128
user_502,user_1368
user_1649,user_243
user_1654,user_954
user_1403,user_629
user_832,user_328
user_610,user_831
user_929,user_1406
user_150,user_1030
user_1411,user_1891
user_123,user_1834
user_324,user_1819
user_901,user_1441
user_852,user_1577
user_992,user_637
user_952,user_1414
user_418,user_241
user_697,user_1309
user_1243,user_1877
user_295,user_1927
user_641,user_605
user_1765,user_753
user_1472,user_1259
user_654,user_453
user_1504,user_449
user_1763,user_1961
user_708,user_274
user_1998,user_980
user_817,user_314
user_268,user_932
user_1558,user_1532
user_759,user_1241
user_1055,user_766
user_1151,user_852
user_218,user_1438
user_654,user_1125
user_496,user_1870
user_956,user_965
user_251,user_1552
user_548,user_1101
user_921,user_1643
user_508,user_1361
user_289,user_1691
user_199,user_448
user_104,user_1561
user_595,user_507
user_1937,user_1394
user_787,user_1546
user_1770,user_1221
user_1261,user_1789
user_857,user_1613
user_509,user_168
user_1972,user_1077
user_1773,user_915
user_1848,user_1082
user_328,user_1442
user_1667,user_741
user_671,user_160
user_1913,user_1879
user_1184,user_1156
user_1477,user_230
user_641,user_127
user_389,user_1698
user_1563,user_1122
user_327,user_1850
user_1021,user_1036
user_1055,user_415
user_957,user_1173
user_1022,user_1100
user_1801,user_307
user_632,user_337
user_1019,user_672
user_48,user_1750
user_185,user_1066
user_1936,user_905
user_806,user_239
user_1036,user_1394
user_937,user_421
user_1980,user_1469
user_494,user_1195
user_441,user_1002
user_1195,user_187
user_723,user_1841
user_100,user_1046
user_104,user_913
user_577,user_1657
user_1014,user_114
user_1224,user_929
user_1808,user_271
user_1727,user_1052
user_1340,user_851
user_1378,user_936
user_964,user_1155
user_586,user_119
user_1100,user_1145
user_17,user_947
user_1736,user_1378
user_221,user_1653
user_883,user_632
user_275,user_1482
user_1808,user_45
user_542,user_811
user_1490,user_522
user_750,user_1673
user_1565,user_7
user_826,user_1528
user_750,user_447
user_93,user_1185
user_821,user_150
user_105,user_93
user_1168,user_868
user_1151,user_706
user_399,user_1435
user_743,user_131
user_1134,user_1109
user_592,user_124
user_151,user_1915
user_792,user_1832
user_1033,user_142
user_923,user_1913
user_1566,user_967
user_1127,user_65
user_573,user_588
user_1691,user_838
user_1277,user_369
user_1394,user_1575
user_1252,user_278
user_244,user_1569
user_264,user_1314
user_1997,user_1494
user_199,user_1323
user_807,user_1974
user_765,user_861
user_1628,user_767
user_695,user_1826
user_1143,user_784
user_1923,user_919
user_749,user_1781
user_1547,user_1879
user_296,user_1858
user_408,user_774
user_1234,user_770
user_1043,user_165
user_823,user_1399
user_1025,user_1975
user_83,user_1356
user_93,user_1792
user_80,user_1105
user_281,user_273
user_1462,user_1339
user_683,user_1762
user_1647,user_713
user_971,user_243
user_1064,user_366
user_936,user_1101
user_306,user_805
user_1242,user_1084
user_1830,user_261
user_1056,user_1491
user_287,user_457
user_672,user_1710
user_1908,user_8
user_1256,user_1549
user_653,user_47
user_333,user_612
user_805,user_949
user_1263,user_1380
user_1515,user_1473
user_1726,user_1116
user_613,user_869
user_1216,user_1090
user_689,user_777
user_1039,user_1687
user_1697,user_471
user_1044,user_507
user_1091,user_944
user_1004,user_709
user_1452,user_318
user_1153,user_565
user_614,user_387
user_973,user_1920
user_1671,user_1793
user_35,user_1485
user_755,user_1568
user_679,user_232
user_1380,user_66
user_225,user_1658
user_854,user_1353
user_1196,user_859
user_631,user_1260
user_1632,user_1569
user_1841,user_1918
user_1486,user_1810
user_1787,user_1821
user_1410,user_33
user_1289,user_493
user_55,user_423
user_1223,user_138
user_972,user_207
user_544,user_1217
user_1981,user_69
user_1343,user_915
user_1604,user_1225
user_1991,user_1377
user_1590,user_1441
user_1185,user_1787
user_1183,user_100
user_467,user_502
user_1478,user_1517
user_106,user_91
user_1196,user_824
user_984,user_899
user_350,user_480
user_1074,user_1106
user_1289,user_445
user_1477,user_1545
user_1270,user_1769
user_1587,user_1590
user_1723,user_116
user_779,user_287
user_303,user_1032
user_1683,user_593
user_1395,user_480
user_497,user_1671
user_65,user_1877
user_1173,user_1499
user_1942,user_1180
user_1435,user_654
user_226,user_1183
user_391,user_1225
user_39,user_1583
user_904,user_1378
user_643,user_1677
user_858,user_657
user_311,user_486
user_846,user_619
user_1415,user_1795
user_418,user_294
user_841,user_1353
user_1028,user_1068
user_1588,user_453
user_1253,user_847
user_1886,user_616
user_966,user_564
user_1788,user_125
user_1738,user_1141
user_1507,user_1943
user_1490,user_1212
user_128,user_1802
user_1446,user_1506
user_283,user_1867
user_1063,user_359
user_425,user_1283
user_1149,user_1391
user_666,user_875
user_1357,user_1139
user_980,user_1016
user_1077,user_97
user_772,user_1992
user_643,user_706
user_1960,user_1929
user_355,user_1318
user_942,user_1375
user_1869,user_781
user_1092,user_1610
user_702,user_1075
user_1119,user_653
user_726,user_1427
user_1385,user_853
user_1582,user_837
user_1777,user_306
user_1477,user_615
user_1395,user_771
user_1318,user_377
user_1646,user_1546
user_1420,user_1102
user_542,user_970
user_1250,user_494
user_992,user_1740
user_394,user_462
user_1961,user_616
user_505,user_1757
user_572,user_1450
user_1143,user_296
user_612,user_1651
user_461,user_949
user_1929,user_1874
user_1993,user_119
user_610,user_1152
user_1580,user_846
user_592,user_1983
user_1444,user_854
user_425,user_1142
user_1414,user_1086
user_1444,user_275
user_1002,user_796
user_650,user_498
user_983,user_523
user_715,user_417
user_1148,user_677
user_1913,user_1325
user_1914,user_162
user_1629,user_1889
user_1478,user_922
user_561,user_1735
user_590,user_760
user_250,user_190
user_1175,user_1097
user_1386,user_1484
user_1113,user_1699
user_778,user_391
user_1835,user_106
user_809,user_550
user_1677,user_773
user_707,user_1380
user_1956,user_1239
user_1584,user_1235
user_1648,user_81
user_300,user_1790
user_595,user_150
user_87,user_386
user_590,user_1648
user_1957,user_1560
user_1463,user_1204
user_162,user_1484
user_710,user_1376
user_1893,user_1145
user_906,user_445
user_1344,user_982
user_526,user_428
user_1531,user_1781
user_982,user_1858
user_439,user_682
user_414,user_621
user_1696,user_1960
user_1104,user_1862
user_556,user_32
user_1911,user_434
user_1152,user_1920
user_1426,user_390
user_557,user_1971
user_282,user_1519
user_224,user_241
user_1261,user_1530
user_1518,user_1545
user_1202,user_981
user_491,user_1873
user_104,user_1425
user_1372,user_1238
user_1854,user_1442
user_1088,user_419
user_463,user_813
user_1307,user_1875
user_477,user_491
user_108,user_1131
user_206,user_659
user_847,user_1589
user_677,user_580
user_1470,user_780
user_968,user_955
user_206,user_1093
user_1396,user_1329
user_1579,user_736
user_282,user_632
user_11,user_536
user_1976,user_737
user_1128,user_1051
user_1903,user_1808
user_324,user_1019
user_834,user_955
user_1338,user_202
user_1915,user_1645
user_1804,user_1480
user_1799,user_962
user_975,user_1560
user_978,user_1720
user_1333,user_656
user_409,user_1873
user_1549,user_417
user_1975,user_760
user_589,user_641
user_658,user_848
user_585,user_94
user_1323,user_1153
user_122,user_1770
user_1860,user_454
user_1575,user_1519
user_184,user_299
user_1336,user_34
user_1176,user_535
user_476,user_1134
user_1096,user_1915
user_1513,user_1197
user_1481,user_1187
user_1742,user_1475
user_1919,user_856
user_77,user_605
user_1871,user_313
user_1888,user_402
user_359,user_676
user_856,user_472
user_1807,user_778
user_1716,user_1167
user_361,user_1707
user_1913,user_504
user_1884,user_1023
user_75,user_1128
user_1713,user_1341
user_814,user_1933
user_1614,user_1403
user_1015,user_692
user_382,user_528
user_1919,user_1564
user_1534,user_1683
user_1971,user_1001
user_1787,user_1980
user_1897,user_1482
user_593,user_1315
user_1796,user_1515
user_77,user_1005
user_19,user_944
user_612,user_345
user_1164,user_1501
user_1235,user_1629
user_220,user_722
user_1902,user_347
user_687,user_287
user_583,user_1476
user_931,user_1120
user_1314,user_1001
user_1113,user_377
user_1074,user_1878
user_1012,user_1822
user_1822,user_1111
user_1923,user_1315
user_275,user_1961
user_1743,user_121
user_1033,user_1074
user_959,user_70
user_559,user_1719
user_395,user_1735
user_1657,user_153
user_231,user_1936
user_678,user_1676
user_333,user_1369
user_1498,user_100
user_940,user_1566
user_1328,user_14
user_527,user_845
user_1472,user_282
user_382,user_1726
user_29,user_1292
user_1509,user_474
user_691,user_140
user_1620,user_1449
user_605,user_310
user_1163,user_19
user_1382,user_448
user_1551,user_1036
user_396,user_934
user_360,user_765
user_1252,user_124
user_1754,user_1266
user_1309,user_1307
user_1838,user_1366
user_831,user_1913
user_1694,user_1263
user_876,user_1870
user_1056,user_990
user_672,user_1351
user_178,user_1000
user_821,user_33
user_1371,user_14
user_196,user_1090
user_379,user_1130
user_288,user_843
user_978,user_25
user_663,user_35
